{"cameraMode":{"drawMode":2,"name":"Shaded Wireframe","section":"Shading Mode"},"sceneLighting":false,"audioPlay":false,"sceneViewState":{"m_AlwaysRefresh":false,"showFog":true,"showSkybox":false,"showFlares":true,"showImageEffects":true,"showParticleSystems":true,"showVisualEffectGraphs":true,"m_FxEnabled":true},"in2DMode":false,"pivot":{"x":0.00004270672798156738,"y":0.0049827247858047489,"z":-0.19954431056976319},"rotation":{"x":0.07007843255996704,"y":-0.04129355400800705,"z":0.0029031625017523767,"w":0.9966802597045898},"size":1.1984453201293946,"orthographic":false}