{"cameraMode":{"drawMode":2,"name":"Shaded Wireframe","section":"Shading Mode"},"sceneLighting":true,"audioPlay":false,"sceneViewState":{"m_AlwaysRefresh":false,"showFog":true,"showSkybox":true,"showFlares":true,"showImageEffects":true,"showParticleSystems":true,"showVisualEffectGraphs":true,"m_FxEnabled":true},"in2DMode":false,"pivot":{"x":0.2638695240020752,"y":2.060429811477661,"z":0.15185165405273438},"rotation":{"x":0.004195079207420349,"y":-0.012907736003398896,"z":0.00005208299990044907,"w":0.9999110102653503},"size":27.303569793701173,"orthographic":false}