{"cameraMode":{"drawMode":2,"name":"Shaded Wireframe","section":"Shading Mode"},"sceneLighting":true,"audioPlay":false,"sceneViewState":{"m_AlwaysRefresh":false,"showFog":true,"showSkybox":true,"showFlares":true,"showImageEffects":true,"showParticleSystems":true,"showVisualEffectGraphs":true,"m_FxEnabled":true},"in2DMode":false,"pivot":{"x":0.08279538154602051,"y":-0.13718277215957642,"z":-0.28355395793914797},"rotation":{"x":0.0521639809012413,"y":-0.01738341711461544,"z":0.000906100613065064,"w":0.9984912276268005},"size":810.6683349609375,"orthographic":true}