{"cameraMode":{"drawMode":2,"name":"Shaded Wireframe","section":"Shading Mode"},"sceneLighting":true,"audioPlay":false,"sceneViewState":{"m_AlwaysRefresh":false,"showFog":true,"showSkybox":true,"showFlares":true,"showImageEffects":true,"showParticleSystems":true,"showVisualEffectGraphs":true,"m_FxEnabled":true},"in2DMode":false,"pivot":{"x":-3.2133913040161135,"y":3.6969399452209474,"z":0.0064239501953125},"rotation":{"x":0.011694795452058316,"y":-0.008407512679696083,"z":0.00009622363722883165,"w":0.9998984336853027},"size":31.381744384765626,"orthographic":false}