{"cameraMode":{"drawMode":2,"name":"Shaded Wireframe","section":"Shading Mode"},"sceneLighting":true,"audioPlay":false,"sceneViewState":{"m_AlwaysRefresh":false,"showFog":true,"showSkybox":true,"showFlares":true,"showImageEffects":true,"showParticleSystems":true,"showVisualEffectGraphs":true,"m_FxEnabled":true},"in2DMode":false,"pivot":{"x":2.375643253326416,"y":9.575298309326172,"z":-0.07166671752929688},"rotation":{"x":-0.012291841208934784,"y":-0.04439036548137665,"z":-0.0005482123233377934,"w":0.9989386200904846},"size":18.280649185180665,"orthographic":false}