{"cameraMode":{"drawMode":2,"name":"Shaded Wireframe","section":"Shading Mode"},"sceneLighting":true,"audioPlay":false,"sceneViewState":{"m_AlwaysRefresh":false,"showFog":true,"showSkybox":true,"showFlares":true,"showImageEffects":true,"showParticleSystems":true,"showVisualEffectGraphs":true,"m_FxEnabled":true},"in2DMode":false,"pivot":{"x":401.5369567871094,"y":1040.8057861328125,"z":141.94625854492188},"rotation":{"x":0.07754102349281311,"y":-0.04425927996635437,"z":0.0034437132999300958,"w":0.9960001111030579},"size":313.2726135253906,"orthographic":false}