{"cameraMode":{"drawMode":2,"name":"Shaded Wireframe","section":"Shading Mode"},"sceneLighting":true,"audioPlay":false,"sceneViewState":{"m_AlwaysRefresh":false,"showFog":true,"showSkybox":true,"showFlares":true,"showImageEffects":true,"showParticleSystems":true,"showVisualEffectGraphs":true,"m_FxEnabled":true},"in2DMode":false,"pivot":{"x":11.039608001708985,"y":12.627360343933106,"z":-0.16484618186950684},"rotation":{"x":0.07007843255996704,"y":-0.04129355400800705,"z":0.0029031625017523767,"w":0.9966802597045898},"size":3.440154552459717,"orthographic":false}