{"cameraMode":{"drawMode":2,"name":"Shaded Wireframe","section":"Shading Mode"},"sceneLighting":true,"audioPlay":false,"sceneViewState":{"m_AlwaysRefresh":false,"showFog":true,"showSkybox":true,"showFlares":true,"showImageEffects":true,"showParticleSystems":true,"showVisualEffectGraphs":true,"m_FxEnabled":true},"in2DMode":false,"pivot":{"x":10.92259693145752,"y":12.326796531677246,"z":-0.027106553316116334},"rotation":{"x":0.07007843255996704,"y":-0.04129355400800705,"z":0.0029031625017523767,"w":0.9966802597045898},"size":3.6053545475006105,"orthographic":false}