{"cameraMode":{"drawMode":2,"name":"Shaded Wireframe","section":"Shading Mode"},"sceneLighting":true,"audioPlay":false,"sceneViewState":{"m_AlwaysRefresh":false,"showFog":true,"showSkybox":true,"showFlares":true,"showImageEffects":true,"showParticleSystems":true,"showVisualEffectGraphs":true,"m_FxEnabled":true},"in2DMode":false,"pivot":{"x":0.08279538154602051,"y":-0.13718277215957642,"z":-0.28355395793914797},"rotation":{"x":0.06114821508526802,"y":-0.017374727874994279,"z":0.001062561757862568,"w":0.9979804754257202},"size":7.939375877380371,"orthographic":true}