{"cameraMode":{"drawMode":2,"name":"Shaded Wireframe","section":"Shading Mode"},"sceneLighting":true,"audioPlay":false,"sceneViewState":{"m_AlwaysRefresh":false,"showFog":true,"showSkybox":true,"showFlares":true,"showImageEffects":true,"showParticleSystems":true,"showVisualEffectGraphs":true,"m_FxEnabled":true},"in2DMode":false,"pivot":{"x":3.5999984741210939,"y":13.19999885559082,"z":26.020000457763673},"rotation":{"x":0.07754102349281311,"y":-0.04425927996635437,"z":0.0034437132999300958,"w":0.9960001111030579},"size":52.13380432128906,"orthographic":false}