{"cameraMode":{"drawMode":2,"name":"Shaded Wireframe","section":"Shading Mode"},"sceneLighting":false,"audioPlay":false,"sceneViewState":{"m_AlwaysRefresh":false,"showFog":true,"showSkybox":false,"showFlares":true,"showImageEffects":true,"showParticleSystems":true,"showVisualEffectGraphs":true,"m_FxEnabled":true},"in2DMode":false,"pivot":{"x":-8.467817306518555,"y":-4.055510520935059,"z":0.009582430124282837},"rotation":{"x":0.019001686945557596,"y":-0.1414065808057785,"z":0.0027141282334923746,"w":0.9897692799568176},"size":2.627383232116699,"orthographic":true}